{
  "Completion_Time_mean": 78.37968444824219,
  "Completion_Time_lower90": 26.40960693359375,
  "Completion_Time_upper90": 130.34976196289062,
  "Downtime_mean": 5.135153293609619,
  "Downtime_lower90": -1.5058836936950684,
  "Downtime_upper90": 11.776189804077148,
  "Energy_Used_mean": 20.131704330444336,
  "Energy_Used_lower90": 11.837994575500488,
  "Energy_Used_upper90": 28.4254150390625,
  "Machine_Wear_mean": 50.88105773925781,
  "Machine_Wear_lower90": 5.964664459228516,
  "Machine_Wear_upper90": 95.79745483398438,
  "Predictive_Failure_Score_mean": 0.49902504682540894,
  "Predictive_Failure_Score_lower90": 0.04846598953008652,
  "Predictive_Failure_Score_upper90": 0.9511730670928955,
  "Error_mean": 7.058773040771484,
  "Error_lower90": 6.466434001922607,
  "Error_upper90": 7.651112079620361,
  "Maintenance_Required_p_cal": 0.21979865431785583,
  "Maintenance_Required_p_lower": 0.20071634650230408,
  "Maintenance_Required_p_upper": 0.2401500642299652,
  "Maintenance_Required_label": 1,
  "Optimization_Success_p_cal": 0.32862189412117004,
  "Optimization_Success_p_lower": 0.32113611698150635,
  "Optimization_Success_p_upper": 0.37550729513168335,
  "Optimization_Success_label": 1,
  "baseline": 0,
  "ctx_Process_Variable": 72.95076208,
  "ctx_Machine_Load": 52.37782664540765,
  "ctx_Queue_Length": 4,
  "ctx_Deadline": 111,
  "ctx_Temperature": 36.94598945212311,
  "ctx_Vibration_Level": 0.6062311414302038,
  "ctx_Sensor_Status": "Fail",
  "lever_PID_Output": 54.76690676560853,
  "lever_Fuzzy_Tuned_Kp": 1.519967880709817,
  "lever_Fuzzy_Tuned_Ki": 0.30729903575411305,
  "lever_Fuzzy_Tuned_Kd": 0.41959729540595847,
  "lever_Resource_Allocated": 159.50247501068395,
  "lever_Priority_Level": 1,
  "feasible": 0,
  "constraint_violation": 0.35318606286435517,
  "completion_violation": 0.17432217984586149,
  "maintenance_violation": 0.0,
  "success_violation": 0.17886388301849365,
  "failure_violation": 0.0,
  "pareto": 1,
  "score": 1219.2845386621116,
  "recommended": 1
}